# Couch-coop metadata, one row per game id (CL3). Blank fields are not yet known,
# never a claim of zero: CL21's validator is what refuses a record still missing one.
#
# max_players  players on a single console, the whole point of the list
# screen       split | shared | pass    (split-screen, one shared view, pass-the-controller)
# scope        campaign | side | versus (full campaign, side modes only, versus only)
id,max_players,screen,scope
a-way-out,2,split,campaign
aegis-defenders,2,shared,campaign
aew-fight-forever,4,shared,versus
alienation,4,shared,campaign
arcade-paradise,2,shared,side
as-dusk-falls,8,shared,campaign
astroneer,,,
balan-wonderworld,2,shared,campaign
baldurs-gate-3,2,split,campaign
biped,2,shared,campaign
blackwind,2,shared,campaign
bleed-2,2,shared,campaign
borderlands-3,2,split,campaign
broforce,4,shared,campaign
call-of-duty-black-ops-cold-war,2,split,side
cant-drive-this,2,shared,campaign
castle-crashers-remastered,4,shared,campaign
catty-batty-the-spirit-guide,2,shared,campaign
cell-damage-hd,4,split,versus
chicory-a-colorful-tale,2,shared,campaign
children-of-morta,2,shared,campaign
contra-operation-galuga,2,shared,campaign
contra-rogue-corps,2,shared,campaign
crosskrush,2,shared,campaign
cuphead,2,shared,campaign
dandy-randy-dx,2,shared,campaign
darksiders-genesis,2,shared,campaign
dcs-justice-league-cosmic-chaos,2,shared,campaign
dead-nation,2,shared,campaign
death-squared,4,shared,campaign
death-tales,2,shared,campaign
degrees-of-separation,2,shared,campaign
demon-slayer-kimetsu-no-yaiba-the-hinokami-chronicles,2,split,versus
diablo-iii-e-iv,,,
die-for-valhalla,4,shared,campaign
dirt-5,4,split,versus
disney-classic-games-aladdin-and-the-lion-king,,,
divinity-original-sin,2,split,campaign
dodgeball-academia,2,shared,versus
dont-starve-together,2,split,campaign
double-dragon-gaiden-rise-of-the-dragons,2,shared,campaign
dungeon-defenders-awakened,4,shared,campaign
ea-sports-ufc-4,2,shared,versus
earth-defense-force-6,2,split,campaign
eight-dragons,4,shared,campaign
enter-the-gungeon,2,shared,campaign
escape-academy,2,shared,campaign
f1-2021,2,split,versus
fall-guys-ultimate-knockout,,,
fifa-21,4,shared,versus
fifa-22,4,shared,versus
fifa-23,4,shared,versus
fightn-rage,2,shared,campaign
final-vendetta,2,shared,campaign
for-the-king,3,pass,campaign
fortnite,2,split,versus
gang-beasts,4,shared,versus
gauntlet-slayer-edition,4,shared,campaign
gigabash,4,shared,versus
graven,,,
guacamelee-2,4,shared,campaign
gungungun,2,shared,campaign
guts-n-goals,4,shared,
haven,2,shared,campaign
heavenly-bodies,2,shared,campaign
helldivers,4,shared,campaign
hot-wheels-unleashed,2,split,versus
human-fall-flat,2,split,campaign
hyper-light-drifter,2,shared,campaign
ibb-obb,2,split,campaign
ice-cream-surfer,2,shared,campaign
jitsu-squad,4,shared,campaign
jydge,2,shared,campaign
keywe,2,shared,campaign
kitaria-fables,2,shared,campaign
lara-croft-and-the-guardian-of-light,2,shared,campaign
lara-croft-and-the-temple-of-osiris,4,shared,campaign
lego-marvel-super-heroes-2,2,shared,campaign
lego-star-wars-the-skywalker-saga,2,shared,campaign
little-big-planet-3,4,shared,campaign
llamasoft-the-jeff-minter-story,2,shared,side
lovers-in-a-dangerous-spacetime,4,shared,campaign
madden-nfl-21,2,shared,versus
madden-nfl-22,2,shared,versus
madden-nfl-23,2,shared,versus
magicka,4,shared,campaign
mereks-market,4,shared,campaign
mighty-goose,2,shared,campaign
minecraft-dungeons,4,shared,campaign
minigolf,,,
mortal-kombat-11,2,shared,side
mother-russia-bleeds,4,shared,campaign
moving-out,4,shared,campaign
nba-2k21,4,shared,versus
nba-2k22,4,shared,versus
nba-2k23,4,shared,versus
neon-chrome,4,shared,campaign
nhl-21,,shared,versus
nhl-22,4,shared,versus
nidhogg-2,2,shared,versus
nine-parchments,4,shared,campaign
nobody-saves-the-world,2,shared,campaign
omega-strike,,,
orcs-must-die,,,
out-of-space-couch-edition,4,shared,campaign
outbreak-endless-nightmares,2,split,campaign
outbreak-epidemic,2,split,campaign
outbreak-the-new-nightmare,2,split,campaign
outward-definitive-edition,2,split,campaign
overcooked-2,4,shared,campaign
overcooked-all-you-can-eat,4,shared,campaign
overruled,4,shared,versus
pang-adventures,2,shared,campaign
paprium,2,shared,campaign
phogs,2,shared,campaign
pode,2,shared,campaign
portal-knights,2,split,campaign
puyo-puyo-tetris-2,4,shared,versus
quake,4,split,campaign
raging-justice,2,shared,campaign
rayman-legends,4,shared,campaign
returnal,,,
rico,2,split,campaign
river-city-girls-2,4,shared,campaign
rogue-legacy-2,,,
rugby-22,2,shared,versus
runner,,,
sackboy-a-big-adventure,4,shared,campaign
salt-and-sacrifice,2,shared,campaign
salt-and-sanctuary,2,shared,campaign
samurai-gunn-2,4,shared,versus
scott-pilgrim-vs-the-world-the-game-complete-edition,4,shared,campaign
sea-of-stars,3,shared,campaign
secret-of-mana,3,shared,campaign
shing,4,shared,campaign
skeletal-avenger,4,shared,campaign
snipperclips-cut-it-out-together,,,
sonic-origins-plus,2,shared,campaign
sonic-superstars,4,shared,campaign
spelunky,4,shared,campaign
spelunky-2,4,shared,campaign
spidersaurs,2,shared,campaign
stardew-valley,4,split,campaign
steredenn-binary-stars,2,shared,campaign
street-fighter-v-champion-edition,2,shared,versus
streets-of-rage-4,4,shared,campaign
super-blood-hockey,4,shared,versus
super-bomberman-r,4,shared,versus
super-bomberman-r-online,,,
tetris-effect,2,shared,versus
the-angry-4,4,split,side
the-binding-of-isaac-repentance,4,shared,campaign
the-dark-pictures-anthology-house-of-ashes,5,pass,campaign
the-house-of-the-dead-remake,2,shared,campaign
the-king-of-fighters-xv,2,shared,versus
the-last-oricru,2,split,campaign
the-quarry,8,pass,campaign
tiny-tinas-wonderlands,2,split,campaign
tiny-troopers-global-ops,4,split,campaign
tmnt-the-cowabunga-collection,4,shared,campaign
together,,,
tony-hawks-pro-skater-1-2,2,shared,versus
tools-up,4,shared,campaign
tower-of-guns,2,shared,campaign
towerfall-ascension,4,shared,versus
trine-4-the-nightmare-prince,4,shared,campaign
twin-robots-ultimate-edition,2,shared,campaign
ultimate-chicken-horse,4,shared,versus
ultimate-fishing-simulator-2,,,
unravel-two,2,shared,campaign
urban-flow,4,shared,campaign
viking-squad,3,shared,campaign
warhammer-40-000-shootas-blood-teef,4,shared,campaign
warhammer-chaosbane-slayer-edition,4,split,campaign
warhammer-vermintide-2,,,
we-love-katamari-reroll-royal-reverie,2,shared,side
wizard-of-legend,2,shared,campaign
worms-rumble,,,
wrc-10,2,split,versus
wrc-generations,2,split,versus
wulverblade,4,shared,campaign
wwe-2k23,4,shared,versus
yars-recharged,2,shared,campaign
zombie-vikings,4,shared,campaign
