# Cover art, one row per game id (CL6). Blank file means no packshot yet, and the
# grid falls back to the generated typographic card at assets/covers/<id>.svg.
#
# file    path to the packshot, 2:3 portrait WebP, served from this repository
# file2x  the same packshot at twice the density, for a retina screen (CL18); optional,
#         and meaningless for the generated cards, which are vector and need no second size
# source  where the image came from -- required with a file, so no cover is unattributed
id,file,file2x,source
a-way-out,assets/covers/a-way-out.webp,assets/covers/a-way-out@2x.webp,https://store.steampowered.com/app/1222700/
aegis-defenders,assets/covers/aegis-defenders.webp,assets/covers/aegis-defenders@2x.webp,https://store.steampowered.com/app/371140/
aew-fight-forever,assets/covers/aew-fight-forever.webp,assets/covers/aew-fight-forever@2x.webp,https://store.steampowered.com/app/1913210/
alienation,,,
arcade-paradise,assets/covers/arcade-paradise.webp,assets/covers/arcade-paradise@2x.webp,https://store.steampowered.com/app/1388870/
as-dusk-falls,assets/covers/as-dusk-falls.webp,assets/covers/as-dusk-falls@2x.webp,https://store.steampowered.com/app/1341820/
balan-wonderworld,assets/covers/balan-wonderworld.webp,assets/covers/balan-wonderworld@2x.webp,https://store.steampowered.com/app/1341050/
baldurs-gate-3,assets/covers/baldurs-gate-3.webp,assets/covers/baldurs-gate-3@2x.webp,https://store.steampowered.com/app/1086940/
biped,assets/covers/biped.webp,assets/covers/biped@2x.webp,https://store.steampowered.com/app/1071870/
blackwind,assets/covers/blackwind.webp,assets/covers/blackwind@2x.webp,https://store.steampowered.com/app/1567520/
bleed-2,assets/covers/bleed-2.webp,assets/covers/bleed-2@2x.webp,https://store.steampowered.com/app/396350/
borderlands-3,assets/covers/borderlands-3.webp,assets/covers/borderlands-3@2x.webp,https://store.steampowered.com/app/397540/
broforce,assets/covers/broforce.webp,assets/covers/broforce@2x.webp,https://store.steampowered.com/app/274190/
call-of-duty-black-ops-cold-war,assets/covers/call-of-duty-black-ops-cold-war.webp,assets/covers/call-of-duty-black-ops-cold-war@2x.webp,https://store.steampowered.com/app/1985810/
cant-drive-this,assets/covers/cant-drive-this.webp,assets/covers/cant-drive-this@2x.webp,https://store.steampowered.com/app/466980/
castle-crashers-remastered,assets/covers/castle-crashers-remastered.webp,assets/covers/castle-crashers-remastered@2x.webp,https://store.steampowered.com/app/204360/
catty-batty-the-spirit-guide,assets/covers/catty-batty-the-spirit-guide.webp,assets/covers/catty-batty-the-spirit-guide@2x.webp,https://store.steampowered.com/app/1483470/
cel-damage-hd,,,
chicory-a-colorful-tale,assets/covers/chicory-a-colorful-tale.webp,assets/covers/chicory-a-colorful-tale@2x.webp,https://store.steampowered.com/app/1123450/
children-of-morta,assets/covers/children-of-morta.webp,assets/covers/children-of-morta@2x.webp,https://store.steampowered.com/app/330020/
contra-operation-galuga,assets/covers/contra-operation-galuga.webp,assets/covers/contra-operation-galuga@2x.webp,https://store.steampowered.com/app/2235020/
contra-rogue-corps,assets/covers/contra-rogue-corps.webp,assets/covers/contra-rogue-corps@2x.webp,https://store.steampowered.com/app/1020540/
crosskrush,assets/covers/crosskrush.webp,assets/covers/crosskrush@2x.webp,https://store.steampowered.com/app/1437410/
cuphead,assets/covers/cuphead.webp,assets/covers/cuphead@2x.webp,https://store.steampowered.com/app/268910/
dandy-randy-dx,assets/covers/dandy-randy-dx.webp,assets/covers/dandy-randy-dx@2x.webp,https://store.steampowered.com/app/1651030/
darksiders-genesis,assets/covers/darksiders-genesis.webp,assets/covers/darksiders-genesis@2x.webp,https://store.steampowered.com/app/710920/
dcs-justice-league-cosmic-chaos,,,
dead-nation,,,
death-squared,assets/covers/death-squared.webp,assets/covers/death-squared@2x.webp,https://store.steampowered.com/app/471810/
death-tales,assets/covers/death-tales.webp,assets/covers/death-tales@2x.webp,https://store.steampowered.com/app/1305440/
degrees-of-separation,assets/covers/degrees-of-separation.webp,assets/covers/degrees-of-separation@2x.webp,https://store.steampowered.com/app/809880/
demon-slayer-kimetsu-no-yaiba-the-hinokami-chronicles,assets/covers/demon-slayer-kimetsu-no-yaiba-the-hinokami-chronicles.webp,assets/covers/demon-slayer-kimetsu-no-yaiba-the-hinokami-chronicles@2x.webp,https://store.steampowered.com/app/1490890/
diablo-iii,,,
diablo-iv,assets/covers/diablo-iv.webp,assets/covers/diablo-iv@2x.webp,https://store.steampowered.com/app/2344520/
die-for-valhalla,assets/covers/die-for-valhalla.webp,assets/covers/die-for-valhalla@2x.webp,https://store.steampowered.com/app/606000/
dirt-5,assets/covers/dirt-5.webp,assets/covers/dirt-5@2x.webp,https://store.steampowered.com/app/1038250/
divinity-original-sin,assets/covers/divinity-original-sin.webp,assets/covers/divinity-original-sin@2x.webp,https://store.steampowered.com/app/373420/
dodgeball-academia,assets/covers/dodgeball-academia.webp,assets/covers/dodgeball-academia@2x.webp,https://store.steampowered.com/app/1422420/
dont-starve-together,assets/covers/dont-starve-together.webp,assets/covers/dont-starve-together@2x.webp,https://store.steampowered.com/app/322330/
double-dragon-gaiden-rise-of-the-dragons,assets/covers/double-dragon-gaiden-rise-of-the-dragons.webp,assets/covers/double-dragon-gaiden-rise-of-the-dragons@2x.webp,https://store.steampowered.com/app/1967260/
dungeon-defenders-awakened,assets/covers/dungeon-defenders-awakened.webp,assets/covers/dungeon-defenders-awakened@2x.webp,https://store.steampowered.com/app/1101190/
ea-sports-ufc-4,,,
earth-defense-force-6,assets/covers/earth-defense-force-6.webp,assets/covers/earth-defense-force-6@2x.webp,https://store.steampowered.com/app/2291060/
eight-dragons,assets/covers/eight-dragons.webp,assets/covers/eight-dragons@2x.webp,https://store.steampowered.com/app/716250/
enter-the-gungeon,assets/covers/enter-the-gungeon.webp,assets/covers/enter-the-gungeon@2x.webp,https://store.steampowered.com/app/311690/
escape-academy,assets/covers/escape-academy.webp,assets/covers/escape-academy@2x.webp,https://store.steampowered.com/app/1812090/
f1-2021,,,
fifa-21,,,
fifa-22,assets/covers/fifa-22.webp,assets/covers/fifa-22@2x.webp,https://store.steampowered.com/app/1506830/
fifa-23,,,
fightn-rage,assets/covers/fightn-rage.webp,assets/covers/fightn-rage@2x.webp,https://store.steampowered.com/app/674520/
final-vendetta,assets/covers/final-vendetta.webp,assets/covers/final-vendetta@2x.webp,https://store.steampowered.com/app/1891090/
for-the-king,assets/covers/for-the-king.webp,assets/covers/for-the-king@2x.webp,https://store.steampowered.com/app/527230/
fortnite,,,
gang-beasts,assets/covers/gang-beasts.webp,assets/covers/gang-beasts@2x.webp,https://store.steampowered.com/app/285900/
gauntlet-slayer-edition,,,
gigabash,assets/covers/gigabash.webp,assets/covers/gigabash@2x.webp,https://store.steampowered.com/app/1546400/
guacamelee-2,assets/covers/guacamelee-2.webp,assets/covers/guacamelee-2@2x.webp,https://store.steampowered.com/app/534550/
gungungun,assets/covers/gungungun.webp,assets/covers/gungungun@2x.webp,https://store.steampowered.com/app/544400/
guts-n-goals,,,
haven,assets/covers/haven.webp,assets/covers/haven@2x.webp,https://store.steampowered.com/app/983970/
heavenly-bodies,assets/covers/heavenly-bodies.webp,assets/covers/heavenly-bodies@2x.webp,https://store.steampowered.com/app/1138850/
helldivers,assets/covers/helldivers.webp,assets/covers/helldivers@2x.webp,https://store.steampowered.com/app/394510/
hot-wheels-unleashed,assets/covers/hot-wheels-unleashed.webp,assets/covers/hot-wheels-unleashed@2x.webp,https://store.steampowered.com/app/1271700/
human-fall-flat,assets/covers/human-fall-flat.webp,assets/covers/human-fall-flat@2x.webp,https://store.steampowered.com/app/477160/
hyper-light-drifter,assets/covers/hyper-light-drifter.webp,assets/covers/hyper-light-drifter@2x.webp,https://store.steampowered.com/app/257850/
ice-cream-surfer,,,
jitsu-squad,assets/covers/jitsu-squad.webp,assets/covers/jitsu-squad@2x.webp,https://store.steampowered.com/app/1522080/
jydge,,,
keywe,assets/covers/keywe.webp,assets/covers/keywe@2x.webp,https://store.steampowered.com/app/1242980/
kitaria-fables,assets/covers/kitaria-fables.webp,assets/covers/kitaria-fables@2x.webp,https://store.steampowered.com/app/1356280/
lara-croft-and-the-guardian-of-light,assets/covers/lara-croft-and-the-guardian-of-light.webp,assets/covers/lara-croft-and-the-guardian-of-light@2x.webp,https://store.steampowered.com/app/35130/
lara-croft-and-the-temple-of-osiris,assets/covers/lara-croft-and-the-temple-of-osiris.webp,assets/covers/lara-croft-and-the-temple-of-osiris@2x.webp,https://store.steampowered.com/app/289690/
lego-marvel-super-heroes-2,assets/covers/lego-marvel-super-heroes-2.webp,assets/covers/lego-marvel-super-heroes-2@2x.webp,https://store.steampowered.com/app/647830/
lego-star-wars-the-skywalker-saga,assets/covers/lego-star-wars-the-skywalker-saga.webp,assets/covers/lego-star-wars-the-skywalker-saga@2x.webp,https://store.steampowered.com/app/920210/
little-big-planet-3,,,
llamasoft-the-jeff-minter-story,assets/covers/llamasoft-the-jeff-minter-story.webp,assets/covers/llamasoft-the-jeff-minter-story@2x.webp,https://store.steampowered.com/app/2236680/
lovers-in-a-dangerous-spacetime,assets/covers/lovers-in-a-dangerous-spacetime.webp,assets/covers/lovers-in-a-dangerous-spacetime@2x.webp,https://store.steampowered.com/app/252110/
madden-nfl-21,,,
madden-nfl-22,,,
madden-nfl-23,,,
magicka-2,assets/covers/magicka-2.webp,assets/covers/magicka-2@2x.webp,https://store.steampowered.com/app/238370/
mereks-market,assets/covers/mereks-market.webp,assets/covers/mereks-market@2x.webp,https://store.steampowered.com/app/1610860/
mighty-goose,assets/covers/mighty-goose.webp,assets/covers/mighty-goose@2x.webp,https://store.steampowered.com/app/1299360/
minecraft-dungeons,assets/covers/minecraft-dungeons.webp,assets/covers/minecraft-dungeons@2x.webp,https://store.steampowered.com/app/1672970/
mortal-kombat-11,assets/covers/mortal-kombat-11.webp,assets/covers/mortal-kombat-11@2x.webp,https://store.steampowered.com/app/976310/
mother-russia-bleeds,assets/covers/mother-russia-bleeds.webp,assets/covers/mother-russia-bleeds@2x.webp,https://store.steampowered.com/app/361300/
moving-out,assets/covers/moving-out.webp,assets/covers/moving-out@2x.webp,https://store.steampowered.com/app/996770/
nba-2k21,,,
nba-2k22,,,
nba-2k23,,,
neon-chrome,assets/covers/neon-chrome.webp,assets/covers/neon-chrome@2x.webp,https://store.steampowered.com/app/428750/
nhl-21,,,
nhl-22,,,
nidhogg-2,assets/covers/nidhogg-2.webp,assets/covers/nidhogg-2@2x.webp,https://store.steampowered.com/app/535520/
nine-parchments,assets/covers/nine-parchments.webp,assets/covers/nine-parchments@2x.webp,https://store.steampowered.com/app/471550/
nobody-saves-the-world,assets/covers/nobody-saves-the-world.webp,assets/covers/nobody-saves-the-world@2x.webp,https://store.steampowered.com/app/1432050/
out-of-space-couch-edition,assets/covers/out-of-space-couch-edition.webp,assets/covers/out-of-space-couch-edition@2x.webp,https://store.steampowered.com/app/400080/
outbreak-endless-nightmares,assets/covers/outbreak-endless-nightmares.webp,assets/covers/outbreak-endless-nightmares@2x.webp,https://store.steampowered.com/app/1419350/
outbreak-epidemic,assets/covers/outbreak-epidemic.webp,assets/covers/outbreak-epidemic@2x.webp,https://store.steampowered.com/app/1082220/
outbreak-the-new-nightmare,assets/covers/outbreak-the-new-nightmare.webp,assets/covers/outbreak-the-new-nightmare@2x.webp,https://store.steampowered.com/app/644480/
outward-definitive-edition,assets/covers/outward-definitive-edition.webp,assets/covers/outward-definitive-edition@2x.webp,https://store.steampowered.com/app/794260/
overcooked-2,assets/covers/overcooked-2.webp,assets/covers/overcooked-2@2x.webp,https://store.steampowered.com/app/728880/
overcooked-all-you-can-eat,assets/covers/overcooked-all-you-can-eat.webp,assets/covers/overcooked-all-you-can-eat@2x.webp,https://store.steampowered.com/app/1243830/
overruled,assets/covers/overruled.webp,assets/covers/overruled@2x.webp,https://store.steampowered.com/app/297740/
pang-adventures,assets/covers/pang-adventures.webp,assets/covers/pang-adventures@2x.webp,https://store.steampowered.com/app/415150/
paprium,,,
phogs,assets/covers/phogs.webp,assets/covers/phogs@2x.webp,https://store.steampowered.com/app/850320/
pode,assets/covers/pode.webp,assets/covers/pode@2x.webp,https://store.steampowered.com/app/944080/
portal-knights,assets/covers/portal-knights.webp,assets/covers/portal-knights@2x.webp,https://store.steampowered.com/app/374040/
puyo-puyo-tetris-2,assets/covers/puyo-puyo-tetris-2.webp,assets/covers/puyo-puyo-tetris-2@2x.webp,https://store.steampowered.com/app/1259790/
quake,assets/covers/quake.webp,assets/covers/quake@2x.webp,https://store.steampowered.com/app/2310/
raging-justice,assets/covers/raging-justice.webp,assets/covers/raging-justice@2x.webp,https://store.steampowered.com/app/384200/
rayman-legends,,,
rico,assets/covers/rico.webp,assets/covers/rico@2x.webp,https://store.steampowered.com/app/656700/
river-city-girls-2,assets/covers/river-city-girls-2.webp,assets/covers/river-city-girls-2@2x.webp,https://store.steampowered.com/app/1920480/
rugby-22,assets/covers/rugby-22.webp,assets/covers/rugby-22@2x.webp,https://store.steampowered.com/app/1475850/
sackboy-a-big-adventure,assets/covers/sackboy-a-big-adventure.webp,assets/covers/sackboy-a-big-adventure@2x.webp,https://store.steampowered.com/app/1599660/
salt-and-sacrifice,assets/covers/salt-and-sacrifice.webp,assets/covers/salt-and-sacrifice@2x.webp,https://store.steampowered.com/app/1437400/
salt-and-sanctuary,assets/covers/salt-and-sanctuary.webp,assets/covers/salt-and-sanctuary@2x.webp,https://store.steampowered.com/app/283640/
samurai-gunn-2,assets/covers/samurai-gunn-2.webp,assets/covers/samurai-gunn-2@2x.webp,https://store.steampowered.com/app/1397790/
scott-pilgrim-vs-the-world-the-game-complete-edition,assets/covers/scott-pilgrim-vs-the-world-the-game-complete-edition.webp,assets/covers/scott-pilgrim-vs-the-world-the-game-complete-edition@2x.webp,https://store.steampowered.com/app/2215260/
sea-of-stars,assets/covers/sea-of-stars.webp,assets/covers/sea-of-stars@2x.webp,https://store.steampowered.com/app/1244090/
secret-of-mana,assets/covers/secret-of-mana.webp,assets/covers/secret-of-mana@2x.webp,https://store.steampowered.com/app/637670/
shing,assets/covers/shing.webp,assets/covers/shing@2x.webp,https://store.steampowered.com/app/1103730/
skeletal-avenger,assets/covers/skeletal-avenger.webp,assets/covers/skeletal-avenger@2x.webp,https://store.steampowered.com/app/1277500/
sonic-origins-plus,assets/covers/sonic-origins-plus.webp,assets/covers/sonic-origins-plus@2x.webp,https://store.steampowered.com/app/1794960/
sonic-superstars,assets/covers/sonic-superstars.webp,assets/covers/sonic-superstars@2x.webp,https://store.steampowered.com/app/2022670/
spelunky,assets/covers/spelunky.webp,assets/covers/spelunky@2x.webp,https://store.steampowered.com/app/239350/
spelunky-2,assets/covers/spelunky-2.webp,assets/covers/spelunky-2@2x.webp,https://store.steampowered.com/app/418530/
spidersaurs,assets/covers/spidersaurs.webp,assets/covers/spidersaurs@2x.webp,https://store.steampowered.com/app/1191620/
stardew-valley,assets/covers/stardew-valley.webp,assets/covers/stardew-valley@2x.webp,https://store.steampowered.com/app/413150/
steredenn-binary-stars,assets/covers/steredenn-binary-stars.webp,assets/covers/steredenn-binary-stars@2x.webp,https://store.steampowered.com/app/347160/
street-fighter-v-champion-edition,assets/covers/street-fighter-v-champion-edition.webp,assets/covers/street-fighter-v-champion-edition@2x.webp,https://store.steampowered.com/app/310950/
streets-of-rage-4,assets/covers/streets-of-rage-4.webp,assets/covers/streets-of-rage-4@2x.webp,https://store.steampowered.com/app/985890/
super-blood-hockey,assets/covers/super-blood-hockey.webp,assets/covers/super-blood-hockey@2x.webp,https://store.steampowered.com/app/532190/
super-bomberman-r,,,
tetris-effect,assets/covers/tetris-effect.webp,assets/covers/tetris-effect@2x.webp,https://store.steampowered.com/app/1003590/
the-angry-4,,,
the-binding-of-isaac-repentance,,,
the-dark-pictures-anthology-house-of-ashes,assets/covers/the-dark-pictures-anthology-house-of-ashes.webp,assets/covers/the-dark-pictures-anthology-house-of-ashes@2x.webp,https://store.steampowered.com/app/1281590/
the-house-of-the-dead-remake,assets/covers/the-house-of-the-dead-remake.webp,assets/covers/the-house-of-the-dead-remake@2x.webp,https://store.steampowered.com/app/1694600/
the-king-of-fighters-xv,assets/covers/the-king-of-fighters-xv.webp,assets/covers/the-king-of-fighters-xv@2x.webp,https://store.steampowered.com/app/1498570/
the-last-oricru,assets/covers/the-last-oricru.webp,assets/covers/the-last-oricru@2x.webp,https://store.steampowered.com/app/1663640/
the-quarry,assets/covers/the-quarry.webp,assets/covers/the-quarry@2x.webp,https://store.steampowered.com/app/1577120/
tiny-tinas-wonderlands,assets/covers/tiny-tinas-wonderlands.webp,assets/covers/tiny-tinas-wonderlands@2x.webp,https://store.steampowered.com/app/1286680/
tiny-troopers-global-ops,assets/covers/tiny-troopers-global-ops.webp,assets/covers/tiny-troopers-global-ops@2x.webp,https://store.steampowered.com/app/1374350/
tmnt-the-cowabunga-collection,assets/covers/tmnt-the-cowabunga-collection.webp,assets/covers/tmnt-the-cowabunga-collection@2x.webp,https://store.steampowered.com/app/1659600/
tony-hawks-pro-skater-1-2,assets/covers/tony-hawks-pro-skater-1-2.webp,assets/covers/tony-hawks-pro-skater-1-2@2x.webp,https://store.steampowered.com/app/2395210/
tools-up,assets/covers/tools-up.webp,assets/covers/tools-up@2x.webp,https://store.steampowered.com/app/1004490/
tower-of-guns,assets/covers/tower-of-guns.webp,assets/covers/tower-of-guns@2x.webp,https://store.steampowered.com/app/266110/
towerfall-ascension,assets/covers/towerfall-ascension.webp,assets/covers/towerfall-ascension@2x.webp,https://store.steampowered.com/app/251470/
trine-4-the-nightmare-prince,assets/covers/trine-4-the-nightmare-prince.webp,assets/covers/trine-4-the-nightmare-prince@2x.webp,https://store.steampowered.com/app/690640/
twin-robots-ultimate-edition,,,
ultimate-chicken-horse,assets/covers/ultimate-chicken-horse.webp,assets/covers/ultimate-chicken-horse@2x.webp,https://store.steampowered.com/app/386940/
unravel-two,assets/covers/unravel-two.webp,assets/covers/unravel-two@2x.webp,https://store.steampowered.com/app/1225570/
urban-flow,assets/covers/urban-flow.webp,assets/covers/urban-flow@2x.webp,https://store.steampowered.com/app/2235340/
viking-squad,assets/covers/viking-squad.webp,assets/covers/viking-squad@2x.webp,https://store.steampowered.com/app/325930/
warhammer-40-000-shootas-blood-teef,assets/covers/warhammer-40-000-shootas-blood-teef.webp,assets/covers/warhammer-40-000-shootas-blood-teef@2x.webp,https://store.steampowered.com/app/1324530/
warhammer-chaosbane-slayer-edition,assets/covers/warhammer-chaosbane-slayer-edition.webp,assets/covers/warhammer-chaosbane-slayer-edition@2x.webp,https://store.steampowered.com/app/774241/
we-love-katamari-reroll-royal-reverie,assets/covers/we-love-katamari-reroll-royal-reverie.webp,assets/covers/we-love-katamari-reroll-royal-reverie@2x.webp,https://store.steampowered.com/app/1730700/
wizard-of-legend,assets/covers/wizard-of-legend.webp,assets/covers/wizard-of-legend@2x.webp,https://store.steampowered.com/app/445980/
wrc-10,assets/covers/wrc-10.webp,assets/covers/wrc-10@2x.webp,https://store.steampowered.com/app/1462810/
wrc-generations,assets/covers/wrc-generations.webp,assets/covers/wrc-generations@2x.webp,https://store.steampowered.com/app/1953520/
wulverblade,assets/covers/wulverblade.webp,assets/covers/wulverblade@2x.webp,https://store.steampowered.com/app/587180/
wwe-2k23,assets/covers/wwe-2k23.webp,assets/covers/wwe-2k23@2x.webp,https://store.steampowered.com/app/1942660/
yars-recharged,assets/covers/yars-recharged.webp,assets/covers/yars-recharged@2x.webp,https://store.steampowered.com/app/2019990/
zombie-vikings,assets/covers/zombie-vikings.webp,assets/covers/zombie-vikings@2x.webp,https://store.steampowered.com/app/337480/
